塔米&middot;菲的眼睛,magnet:?xt=urn:btih:5ac2aac09b50eeb31ca68a88420150a9f6249847&amp;dn=%e9%98%b3%e5%85%89%e7%94%b5%e5%bd%b1www.ygdy8.com.%e5%a1%94%e7%b1%b3%c2%b7%e8%8f%b2%e7%9a%84%e7%9c%bc%e7%9d%9b.2021.BD.1080P.%e8%8b%b1%e8%af%ad%e4%b8%ad%e5%ad%97.mkv&amp;tr=udp%3a%2f%2ftracker.opentrackr.org%3a1337%2fannounce&amp;tr=udp%3a%2f%2fexodus.desync.com%3a6969%2fannounce
精灵旅社4：变身大冒险/鬼灵精怪大酒店：怪兽变错身(港)/尖叫旅社：变形怪兽(台)/精灵旅社4：人间大冒险,magnet:?xt=urn:btih:68e833c7e60c916b09a8fa13d9768623d954ee54&amp;dn=%e9%98%b3%e5%85%89%e7%94%b5%e5%bd%b1www.ygdy8.com.%e7%b2%be%e7%81%b5%e6%97%85%e7%a4%be4%ef%bc%9a%e5%8f%98%e8%ba%ab%e5%a4%a7%e5%86%92%e9%99%a9.2022.BD.1080P.%e4%b8%ad%e8%8b%b1%e5%8f%8c%e5%ad%97.mkv&amp;tr=udp%3a%2f%2ftracker.opentrackr.org%3a1337%2fannounce&amp;tr=udp%3a%2f%2fexodus.desync.com%3a6969%2fannounce
偶然与想象/偶然与想象之轮(港)/命运与幻想之轮,magnet:?xt=urn:btih:b4700fdd66957c0670193de796dee1ef3b3a1782&amp;dn=%e9%98%b3%e5%85%89%e7%94%b5%e5%bd%b1www.ygdy8.com.%e5%81%b6%e7%84%b6%e4%b8%8e%e6%83%b3%e8%b1%a1.2021.BD.1080P.%e6%97%a5%e8%af%ad%e4%b8%ad%e5%ad%97.mkv&amp;tr=udp%3a%2f%2ftracker.opentrackr.org%3a1337%2fannounce&amp;tr=udp%3a%2f%2fexodus.desync.com%3a6969%2fannounce
A  Leg,magnet:?xt=urn:btih:4b0495a28aee7fba2cfa5656a2060384003c7790&amp;dn=%e9%98%b3%e5%85%89%e7%94%b5%e5%bd%b1www.ygdy8.com.%e8%85%bf.2020.BD.1080P.%e5%9b%bd%e8%af%ad%e4%b8%ad%e5%ad%97.mkv&amp;tr=udp%3a%2f%2ftracker.opentrackr.org%3a1337%2fannounce&amp;tr=udp%3a%2f%2fexodus.desync.com%3a6969%2fannounce
永恒族  / 永恒神族,magnet:?xt=urn:btih:dfac70691e1389fd993d2dfa8433d745c620c75a&amp;dn=%e9%98%b3%e5%85%89%e7%94%b5%e5%bd%b1www.ygdy8.com.%e6%b0%b8%e6%81%92%e6%97%8f.2021.BD.1080P.%e4%b8%ad%e8%8b%b1%e5%8f%8c%e5%ad%97.mkv&amp;tr=udp%3a%2f%2ftracker.opentrackr.org%3a1337%2fannounce&amp;tr=udp%3a%2f%2fexodus.desync.com%3a6969%2fannounce
不速来客  / 眼见为虚 / Knock  Knock,magnet:?xt=urn:btih:bc06f173704e8a0aa1e761d4dbe82e64187ba381&amp;dn=%e9%98%b3%e5%85%89%e7%94%b5%e5%bd%b1www.ygdy8.com.%e4%b8%8d%e9%80%9f%e6%9d%a5%e5%ae%a2.2021.HD.1080P.%e5%9b%bd%e8%af%ad%e4%b8%ad%e5%ad%97.mkv&amp;tr=udp%3a%2f%2ftracker.opentrackr.org%3a1337%2fannounce&amp;tr=udp%3a%2f%2fexodus.desync.com%3a6969%2fannounce
亚当斯一家2/爱登士家庭2(港)/阿达一族2(台),magnet:?xt=urn:btih:d8e74cf176348ff2bcdbe06d9ef7528bd8bd6697&amp;dn=%e9%98%b3%e5%85%89%e7%94%b5%e5%bd%b1www.ygdy8.com.%e4%ba%9a%e5%bd%93%e6%96%af%e4%b8%80%e5%ae%b62.2021.BD.1080P.%e4%b8%ad%e8%8b%b1%e5%8f%8c%e5%ad%97.mkv&amp;tr=udp%3a%2f%2ftracker.opentrackr.org%3a1337%2fannounce&amp;tr=udp%3a%2f%2fexodus.desync.com%3a6969%2fannounce
哈利&middot;波特20周年：回到霍格沃茨/哈利&middot;波特20周年特辑：重返霍格沃茨,magnet:?xt=urn:btih:bbd65f97377cfb00cb3eb2474275fe010d4a638d&amp;dn=%e9%98%b3%e5%85%89%e7%94%b5%e5%bd%b1www.ygdy8.com.%e5%93%88%e5%88%a9%c2%b7%e6%b3%a2%e7%89%b920%e5%91%a8%e5%b9%b4%ef%bc%9a%e5%9b%9e%e5%88%b0%e9%9c%8d%e6%a0%bc%e6%b2%83%e8%8c%a8.2021.BD.1080P.%e4%b8%ad%e8%8b%b1%e5%8f%8c%e5%ad%97.mkv&amp;tr=udp%3a%2f%2ftracker.opentrackr.org%3a1337%2fannounce&amp;tr=udp%3a%2f%2fexodus.desync.com%3a6969%2fannounce
温柔酒吧,magnet:?xt=urn:btih:7c9e6907e43354fc0a9ccd2b78cf47bfdd004dc8&amp;dn=%e9%98%b3%e5%85%89%e7%94%b5%e5%bd%b1www.ygdy8.com.%e6%b8%a9%e6%9f%94%e9%85%92%e5%90%a7.2021.BD.1080P.%e4%b8%ad%e5%ad%97.mkv&amp;tr=udp%3a%2f%2ftracker.opentrackr.org%3a1337%2fannounce&amp;tr=udp%3a%2f%2fexodus.desync.com%3a6969%2fannounce
呼朋引伴,magnet:?xt=urn:btih:d01e260739f33e79bb60a479c4cbca3d60f0ca94&amp;dn=%e9%98%b3%e5%85%89%e7%94%b5%e5%bd%b1www.ygdy8.com.%e5%91%bc%e6%9c%8b%e5%bc%95%e4%bc%b4.2021.BD.1080P.%e4%b8%ad%e8%8b%b1%e5%8f%8c%e5%ad%97.mkv&amp;tr=udp%3a%2f%2ftracker.opentrackr.org%3a1337%2fannounce&amp;tr=udp%3a%2f%2fexodus.desync.com%3a6969%2fannounce
执行/逃出奥斯威辛,magnet:?xt=urn:btih:f2901dcc3d9c9459d8296c95a577843665d03f6f&amp;dn=%e9%98%b3%e5%85%89%e7%94%b5%e5%bd%b1www.ygdy8.com.%e6%89%a7%e8%a1%8c.2021.BD.1080P.%e4%b8%ad%e5%ad%97.mkv&amp;tr=udp%3a%2f%2ftracker.opentrackr.org%3a1337%2fannounce&amp;tr=udp%3a%2f%2fexodus.desync.com%3a6969%2fannounce
上帝之手/上帝之手与我,magnet:?xt=urn:btih:3f773cc3e2ef96a533937063959cb72323e2dfec&amp;dn=%e9%98%b3%e5%85%89%e7%94%b5%e5%bd%b1www.ygdy8.com.%e4%b8%8a%e5%b8%9d%e4%b9%8b%e6%89%8b.2021.BD.1080P.%e4%b8%ad%e5%ad%97.mkv&amp;tr=udp%3a%2f%2ftracker.opentrackr.org%3a1337%2fannounce&amp;tr=udp%3a%2f%2fexodus.desync.com%3a6969%2fannounce
Railway  Heroes,magnet:?xt=urn:btih:c8b22e4e4b76e57f8435b4002e68e710119f698e&amp;dn=%e9%98%b3%e5%85%89%e7%94%b5%e5%bd%b1www.ygdy8.com.%e9%93%81%e9%81%93%e8%8b%b1%e9%9b%84.2021.HD.4K.%e5%9b%bd%e8%af%ad%e4%b8%ad%e5%ad%97.mkv&amp;tr=udp%3a%2f%2ftracker.opentrackr.org%3a1337%2fannounce&amp;tr=udp%3a%2f%2fexodus.desync.com%3a6969%2fannounce
超能敢死队/捉鬼敢死队：来世/捉鬼敢死队：来生/捉鬼敢死队：魅来世界(港)/捉鬼敢死队3/新捉鬼敢死队/锈蚀之城/魔鬼克星  未来世(台),magnet:?xt=urn:btih:957655c0db36a486b2c5fb993b5a3382834f4ff1&amp;dn=%e9%98%b3%e5%85%89%e7%94%b5%e5%bd%b1www.ygdy8.com.%e8%b6%85%e8%83%bd%e6%95%a2%e6%ad%bb%e9%98%9f.2021.BD.1080P.%e4%b8%ad%e8%8b%b1%e5%8f%8c%e5%ad%97.mkv&amp;tr=udp%3a%2f%2ftracker.opentrackr.org%3a1337%2fannounce&amp;tr=udp%3a%2f%2fexodus.desync.com%3a6969%2fannounce
The  Rescue,magnet:?xt=urn:btih:3f96b8907792cc21ede97d83046b1f62be81d534&amp;dn=%e9%98%b3%e5%85%89%e7%94%b5%e5%bd%b1www.ygdy8.com.%e7%b4%a7%e6%80%a5%e6%95%91%e6%8f%b4.2020.BD.1080P.%e5%9b%bd%e8%af%ad%e4%b8%ad%e5%ad%97.mkv&amp;tr=udp%3a%2f%2ftracker.opentrackr.org%3a1337%2fannounce&amp;tr=udp%3a%2f%2fexodus.desync.com%3a6969%2fannounce
